"";"<84>";"<85>";"<97>";"artysta";"awantura";"beznadziejny";"bezwzgledny";"biedny";"boj";"boski";"bosy";"bron";"brzuch";"budynek";"but";"bzdura";"chleb";"cios";"czarodziej";"czekala";"czesciej";"czosnek";"czwarta";"czwarty";"czyzby";"dajac";"dane";"diabla";"docenic";"dominowac";"domyslac";"dostawac";"doswiadczony";"dowodzic";"duma";"dwadziescia";"dwaj";"dwoje";"dyskutowac";"dziadek";"element";"falszywy";"gabinet";"gladki";"glod";"glosic";"glosny";"gniew";"gorszy";"gospodarz";"gotow";"grunt";"hala";"honor";"humor";"idealny";"instynkt";"intensywny";"jedzenie";"jeknac";"jestescie";"jezdzic";"kapelusz";"kawal";"klacz";"klamac";"klient";"klotnia";"korzystajac";"korzystny";"koszmar";"kosztowac";"kot";"krawedz";"krazyc";"krzywda";"kupa";"kurs";"kurz";"las";"lasu";"latwiej";"legenda";"lepsze";"liczba";"lisc";"litosc";"lokiec";"lot";"macie";"maska";"miast";"miasto";"miecz";"mil";"min";"mleko";"mlodego";"mlodszy";"modlic";"mostek";"nacisk";"napis";"narazic";"nastawic";"nienawidzic";"nienawisc";"niepokojacy";"normalna";"obiad";"obie";"obiecywac";"obrzydliwy";"oczyscic";"odczytac";"ode";"oderwac";"odglos";"odleglosc";"odpowiedzialnosc";"odrobina";"odwiedzac";"ogarnac";"ohydny";"okragly";"omal";"oparcie";"osobliwy";"oszukac";"oznajmic";"pachniec";"palic";"panem";"panienka";"panski";"parszywy";"pas";"pasc";"pilnowac";"plama";"planowac";"plaszcz";"pochodzenie";"pochwalic";"podnosic";"podpisac";"poinformowac";"pojawiac";"poklad";"polamac";"poleciec";"polski";"poludniu";"pomylka";"popelnic";"poprzez";"porozmawiac";"poslugiwac";"pospiech";"potwierdzac";"powiedzenie";"powiesic";"powitac";"pozor";"pozytywny";"projekt";"przeciwienstwo";"przegladac";"przemknac";"przemoc";"przesunac";"przeszlosc";"przeznaczenie";"przyjaciol";"przyjechac";"przypadkiem";"przyroda";"przyznawac";"radosc";"raptowny";"reagowac";"rejon";"robiac";"roboty";"rozlac";"rozpoczac";"rozsadek";"rozsadny";"rozwazac";"rozwinac";"ruszac";"rytm";"sapkowski";"sciezka";"sens";"sie";"siedem";"sklad";"skoczyc";"skraj";"skrecic";"skromny";"skrzywic";"slabosc";"slychac";"slyszac";"spac";"staje";"stalowy";"stanowisko";"starych";"stolik";"stosowny";"stylo";"sugerowac";"sukces";"suknia";"surowy";"swiadczyc";"swietny";"syna";"szal";"szalenstwo";"szczegol";"szczur";"szepnac";"szeptac";"szukajac";"tamtejszy";"tedy";"tonac";"towarzysz";"trafiac";"trawa";"troska";"trudnosc";"trzask";"twojego";"tygodni";"typowy";"uciac";"ucieczka";"uczciwy";"udajac";"udzielic";"ukazac";"ulegac";"ulica";"ulubic";"uniknac";"usilowac";"uwolnic";"uzywac";"waga";"walc";"wami";"watpic";"watpienie";"wazyc";"wbrew";"wersja";"wewnetrzny";"widzenia";"wieczny";"wieczorem";"wiezien";"wjechac";"wkrotce";"wodza";"woz";"wstrzasnac";"wstyd";"wtracic";"wybiegla";"wybuch";"wybuchnac";"wyc";"wyciagajac";"wyczuc";"wyczuwac";"wyjasnienie";"wykazac";"wylaczyc";"wyladowac";"wymiana";"wyniosly";"wypowiedziec";"wyprowadzic";"wysluchac";"wyspa";"wystawic";"wyzej";"wzgorze";"wzor";"yennefer";"zabawa";"zachowywac";"zagadka";"zaledwie";"zaleta";"zapraszac";"zaprzeczyc";"zaslugiwac";"zawierac";"zawiesc";"zazdroscic";"zblizyc";"zbrodnia";"zdrada";"zebys";"zetknac";"ziemski";"zmierzac";"zmuszac";"znaczacy";"znikac";"zniszczyc";"zreczny";"zwolnic";"zwracajac"
"Boguslawa_Andrzejewska_1_Theta_Healing";0,053089481722384;0;0;0;0;0;0,0106178963444768;0,0053089481722384;0,0053089481722384;0,0159268445167152;0,0212357926889536;0;0;0;0;0;0;0;0;0;0,0053089481722384;0,0371626372056688;0;0;0;0,0053089481722384;0;0;0,0159268445167152;0,0212357926889536;0,0106178963444768;0,0053089481722384;0;0;0;0;0;0,0053089481722384;0;0;0,0053089481722384;0,0053089481722384;0;0,0053089481722384;0;0,0053089481722384;0;0;0,0053089481722384;0;0;0,0053089481722384;0;0;0;0,026544740861192;0,0053089481722384;0,0053089481722384;0,0159268445167152;0;0;0;0;0;0;0;0;0;0;0,0053089481722384;0,0053089481722384;0;0,0106178963444768;0;0;0;0;0,0053089481722384;0,0053089481722384;0;0;0;0,0371626372056688;0,0106178963444768;0;0;0;0;0;0;0;0;0;0;0;0;0;0;0;0,0212357926889536;0;0;0;0;0;0;0;0;0;0,0053089481722384;0,0106178963444768;0;0;0,0583984298946224;0;0;0,0053089481722384;0;0;0,0053089481722384;0;0;0,0053089481722384;0;0;0;0;0;0,0053089481722384;0;0,0106178963444768;0;0;0;0;0;0;0;0,0053089481722384;0;0,0053089481722384;0;0,0053089481722384;0,0212357926889536;0;0;0;0,026544740861192;0;0;0;0,0053089481722384;0;0;0;0,0796342225835761;0;0,0053089481722384;0;0;0;0;0;0;0,0477805335501456;0;0,0053089481722384;0;0;0;0,0053089481722384;0,0106178963444768;0;0;0;0,0053089481722384;0;0,0053089481722384;0,0637073780668608;0;0,0159268445167152;0;0;0;0,0053089481722384;0,026544740861192;0;0,0053089481722384;0,0053089481722384;0,0053089481722384;0;0;0;0,0053089481722384;0;0,0106178963444768;0;0,0053089481722384;0;0;0;0;0;0,0106178963444768;0;0;0;0,0159268445167152;0;0;0,0053089481722384;0;0;0;0;0,0106178963444768;0;0;0,0106178963444768;0,0106178963444768;0;0,0053089481722384;0;0,0053089481722384;0;0;0;0;0,0053089481722384;0;0;0;0;0,0106178963444768;0,0106178963444768;0,0053089481722384;0;0;0;0;0;0,0053089481722384;0;0;0;0,0106178963444768;0,0053089481722384;0;0,0318536890334304;0;0;0,0053089481722384;0,0318536890334304;0,0106178963444768;0;0;0;0,0053089481722384;0;0,0106178963444768;0;0,0796342225835761;0;0,0106178963444768;0,0053089481722384;0;0;0;0;0;0;0,0053089481722384;0;0;0;0,0053089481722384;0;0;0,0053089481722384;0;0;0;0;0;0;0;0,0053089481722384;0;0,0053089481722384;0,0053089481722384;0;0,0159268445167152;0;0,0053089481722384;0;0,0053089481722384;0;0;0;0,0053089481722384;0,0106178963444768;0;0;0,0106178963444768;0;0,0053089481722384;0;0;0,0106178963444768;0;0,0053089481722384;0,0053089481722384;0;0;0;0;0;0;0;0
"Boguslawa_Andrzejewska_2_Badz_zwyciezca_8_krokow_do_sukcesu";0,0267596780341571;0,00535193560683143;0;0;0;0;0;0;0;0,00535193560683143;0;0;0;0;0;0;0,00535193560683143;0;0;0;0,0160558068204943;0,0107038712136629;0;0;0;0,0160558068204943;0;0;0,0160558068204943;0;0;0;0,00535193560683143;0;0;0;0;0;0;0;0,0160558068204943;0;0;0,0160558068204943;0,00535193560683143;0;0;0,00535193560683143;0;0;0;0;0;0;0;0,0107038712136629;0;0,0107038712136629;0,00535193560683143;0;0;0;0;0;0;0;0;0,00535193560683143;0,00535193560683143;0,00535193560683143;0,0107038712136629;0;0,0107038712136629;0;0;0,0107038712136629;0;0,0107038712136629;0,00535193560683143;0;0;0,0107038712136629;0;0,00535193560683143;0,00535193560683143;0,0214077424273257;0,00535193560683143;0;0;0;0;0;0,00535193560683143;0;0,00535193560683143;0,00535193560683143;0,0107038712136629;0;0;0;0;0,00535193560683143;0;0;0;0,0107038712136629;0,0428154848546514;0,00535193560683143;0,00535193560683143;0;0;0;0;0,0160558068204943;0,00535193560683143;0;0;0;0;0;0;0,00535193560683143;0,00535193560683143;0;0;0;0,0107038712136629;0;0;0;0;0;0;0;0;0;0;0;0,00535193560683143;0;0;0;0;0;0,0267596780341571;0;0,00535193560683143;0,0160558068204943;0;0;0;0;0;0;0;0,0642232272819771;0;0;0,00535193560683143;0,00535193560683143;0,0107038712136629;0;0;0,00535193560683143;0,0321116136409886;0,00535193560683143;0,0107038712136629;0;0;0;0;0,0160558068204943;0,00535193560683143;0;0;0;0,0428154848546514;0;0,0642232272819771;0;0,00535193560683143;0,00535193560683143;0;0;0,00535193560683143;0,00535193560683143;0,0107038712136629;0,00535193560683143;0,00535193560683143;0,0107038712136629;0;0,00535193560683143;0;0;0,0214077424273257;0,0160558068204943;0,0160558068204943;0;0;0;0;0,0107038712136629;0;0,00535193560683143;0;0;0;0,0321116136409886;0;0;0,0160558068204943;0;0,00535193560683143;0,00535193560683143;0,00535193560683143;0,0321116136409886;0;0,00535193560683143;0;0;0;0;0;0;0,0107038712136629;0;0;0,00535193560683143;0;0;0;0,00535193560683143;0;0,0107038712136629;0;0,0107038712136629;0;0;0;0;0;0;0,0107038712136629;0;0;0;0;0,00535193560683143;0,0107038712136629;0;0;0,00535193560683143;0;0,00535193560683143;0,00535193560683143;0,00535193560683143;0;0;0,00535193560683143;0,0107038712136629;0,00535193560683143;0,0642232272819771;0,00535193560683143;0;0;0,0107038712136629;0;0;0;0;0;0,0107038712136629;0;0;0,00535193560683143;0;0;0;0;0;0;0,00535193560683143;0,00535193560683143;0;0,0107038712136629;0,00535193560683143;0;0;0;0;0;0,00535193560683143;0;0;0;0,0107038712136629;0,0107038712136629;0;0;0,00535193560683143;0;0;0,0267596780341571;0;0;0;0;0;0,0267596780341571;0;0;0;0;0,00535193560683143;0;0;0;0;0,00535193560683143;0,0107038712136629
"Boguslawa_Andrzejewska_3_Czy_istnieje_prawda";0,0574751345603201;0;0;0;0;0;0,00478959454669334;0,01436878364008;0;0,00478959454669334;0,00478959454669334;0;0,00478959454669334;0;0;0;0,00478959454669334;0;0;0;0,00478959454669334;0,0191583781867734;0;0;0;0,01436878364008;0,00478959454669334;0;0,00957918909338668;0,00478959454669334;0;0,00957918909338668;0;0;0;0;0;0,00478959454669334;0;0;0;0;0,00957918909338668;0;0,00478959454669334;0;0,00478959454669334;0;0,00478959454669334;0;0;0;0;0;0;0;0;0,00478959454669334;0,0622647291070134;0;0;0,00478959454669334;0;0,00478959454669334;0;0;0,01436878364008;0,00478959454669334;0;0,0478959454669334;0;0,00957918909338668;0;0;0,00957918909338668;0;0;0,00478959454669334;0;0;0;0,01436878364008;0;0,00478959454669334;0,00478959454669334;0;0;0;0;0;0;0,00478959454669334;0;0;0;0,00478959454669334;0,0191583781867734;0;0,00478959454669334;0;0;0;0;0;0;0,00957918909338668;0,00957918909338668;0;0,00478959454669334;0;0;0;0;0,0383167563735467;0;0,00478959454669334;0;0;0;0,00478959454669334;0;0;0;0;0;0;0;0;0;0;0;0;0;0;0;0;0;0;0;0;0,00957918909338668;0;0;0;0;0;0;0,02873756728016;0;0;0;0,00478959454669334;0;0;0;0,138898241854107;0;0,00478959454669334;0;0;0,00957918909338668;0;0;0;0,0670543236537068;0,00478959454669334;0,00478959454669334;0;0,00478959454669334;0,00957918909338668;0;0,0239479727334667;0;0,00478959454669334;0;0;0,00957918909338668;0;0,0191583781867734;0;0;0,00478959454669334;0,00478959454669334;0,00478959454669334;0;0,00478959454669334;0,00478959454669334;0;0,0191583781867734;0,00957918909338668;0;0;0;0,00957918909338668;0,0191583781867734;0,00957918909338668;0;0;0;0;0;0;0;0,01436878364008;0;0;0,00478959454669334;0,00957918909338668;0;0,00957918909338668;0;0;0;0;0;0,0239479727334667;0;0;0;0,01436878364008;0;0;0;0;0;0;0;0;0;0;0;0;0;0,00957918909338668;0,00478959454669334;0,00478959454669334;0;0;0;0;0;0;0;0;0,00478959454669334;0,00478959454669334;0;0;0;0,00478959454669334;0;0,00957918909338668;0,00957918909338668;0;0;0;0;0;0;0,01436878364008;0;0,0957918909338668;0,00957918909338668;0;0;0;0;0;0;0;0;0;0;0;0;0;0;0;0;0;0;0;0;0;0,02873756728016;0;0,00478959454669334;0,00478959454669334;0;0;0;0;0;0;0;0;0;0;0,00478959454669334;0;0,01436878364008;0;0,0431063509202401;0,0239479727334667;0;0;0;0;0;0;0;0,01436878364008;0;0,00957918909338668;0;0;0;0;0;0
"Boguslawa_Andrzejewska_4_O_pozytywnym_mysleniu";0;0;0;0,00541773809380067;0;0;0,00541773809380067;0;0;0,016253214281402;0,00541773809380067;0;0;0;0;0,00541773809380067;0;0;0;0,00541773809380067;0,00541773809380067;0,0108354761876013;0,00541773809380067;0,00541773809380067;0;0;0,00541773809380067;0;0,00541773809380067;0;0;0,0108354761876013;0;0;0;0;0;0,00541773809380067;0;0;0,016253214281402;0;0;0;0,016253214281402;0,00541773809380067;0;0,00541773809380067;0;0;0;0;0;0;0;0;0;0;0,0108354761876013;0;0;0,00541773809380067;0;0;0;0;0,00541773809380067;0;0;0,016253214281402;0;0;0;0,00541773809380067;0,00541773809380067;0,00541773809380067;0;0,00541773809380067;0;0;0;0,0216709523752027;0;0,00541773809380067;0,00541773809380067;0,016253214281402;0;0;0;0;0,00541773809380067;0;0;0;0;0,00541773809380067;0;0;0;0;0;0;0;0;0,00541773809380067;0,00541773809380067;0,0108354761876013;0;0;0,016253214281402;0;0;0;0,0108354761876013;0;0;0;0;0;0,0216709523752027;0,00541773809380067;0;0;0;0;0;0;0;0;0;0;0;0;0;0;0;0;0;0,00541773809380067;0;0,00541773809380067;0;0;0;0,0108354761876013;0;0;0,032506428562804;0;0;0;0;0;0;0;0,08126607140701;0,00541773809380067;0;0;0;0;0;0;0;0,265469166596233;0,0108354761876013;0,00541773809380067;0,00541773809380067;0;0,016253214281402;0;0,016253214281402;0;0;0;0;0,0108354761876013;0;0,0541773809380066;0;0;0,00541773809380067;0,00541773809380067;0;0;0;0,016253214281402;0;0;0;0,00541773809380067;0,00541773809380067;0;0,016253214281402;0,00541773809380067;0,032506428562804;0;0;0;0;0;0;0;0,00541773809380067;0;0;0;0,0216709523752027;0;0,00541773809380067;0;0;0;0,00541773809380067;0;0,0270886904690033;0;0;0;0,016253214281402;0;0;0;0;0,00541773809380067;0;0;0;0;0;0,00541773809380067;0,00541773809380067;0;0,0108354761876013;0;0,00541773809380067;0;0,00541773809380067;0,00541773809380067;0;0;0;0;0,00541773809380067;0;0;0,0108354761876013;0;0,016253214281402;0;0;0;0,016253214281402;0;0;0;0;0;0;0;0;0,0595951190318073;0,00541773809380067;0;0,016253214281402;0,00541773809380067;0;0;0;0;0;0;0;0;0;0;0;0;0;0;0,00541773809380067;0;0;0;0,00541773809380067;0;0;0;0;0;0;0;0;0;0;0;0,00541773809380067;0;0,00541773809380067;0,0108354761876013;0;0,032506428562804;0,016253214281402;0,0108354761876013;0;0;0;0;0;0;0,00541773809380067;0;0,00541773809380067;0;0;0,00541773809380067;0;0;0;0
"gwiezdna_wedrowka_czy_leci_z_nami_polak_wydanie_drugie_poprawione";0,016524101186092;0;0;0;0;0,0220321349147894;0;0,00550803372869734;0;0;0;0;0;0;0;0;0;0,0110160674573947;0;0;0;0;0,0110160674573947;0,00550803372869734;0,00550803372869734;0;0,00550803372869734;0,00550803372869734;0,00550803372869734;0;0;0,0110160674573947;0,00550803372869734;0,00550803372869734;0,00550803372869734;0;0,00550803372869734;0;0,0110160674573947;0;0;0,00550803372869734;0;0,00550803372869734;0,00550803372869734;0;0;0;0,00550803372869734;0;0,0110160674573947;0,0220321349147894;0,0495723035582761;0;0,0110160674573947;0;0,00550803372869734;0;0;0,0220321349147894;0;0;0;0,00550803372869734;0;0,00550803372869734;0;0;0,00550803372869734;0;0;0;0;0;0;0;0,00550803372869734;0;0;0;0;0,00550803372869734;0,00550803372869734;0,0110160674573947;0;0;0;0;0,0110160674573947;0;0;0;0;0;0,00550803372869734;0;0;0;0,00550803372869734;0;0,0440642698295787;0,0110160674573947;0;0;0,016524101186092;0;0;0,00550803372869734;0;0,016524101186092;0,00550803372869734;0,0110160674573947;0,00550803372869734;0;0;0;0;0;0;0,00550803372869734;0;0;0;0,00550803372869734;0;0,00550803372869734;0;0,0110160674573947;0;0,0110160674573947;0,00550803372869734;0,016524101186092;0,0110160674573947;0;0;0,00550803372869734;0;0,00550803372869734;0,016524101186092;0;0;0;0,0110160674573947;0;0;0,00550803372869734;0;0;0,0605883710156708;0,00550803372869734;0,0110160674573947;0,0275401686434867;0,016524101186092;0;0;0;0;0,00550803372869734;0;0,00550803372869734;0;0,00550803372869734;0,00550803372869734;0;0,00550803372869734;0;0;0,00550803372869734;0;0,00550803372869734;0;0;0;0,0110160674573947;0;0,016524101186092;0;0,00550803372869734;0;0;0,00550803372869734;0,00550803372869734;0,00550803372869734;0,0275401686434867;0;0;0;0,00550803372869734;0,00550803372869734;0;0,00550803372869734;0;0;0;0,00550803372869734;0,0220321349147894;0,00550803372869734;0,00550803372869734;0,00550803372869734;0;0,00550803372869734;0;0;0;0,00550803372869734;0;0,0220321349147894;0;0,00550803372869734;0,00550803372869734;0,00550803372869734;0;0;0;0;0;0;0,0220321349147894;0,00550803372869734;0,0110160674573947;0;0,00550803372869734;0;0;0;0,00550803372869734;0;0;0,00550803372869734;0;0;0,0110160674573947;0,00550803372869734;0;0;0,00550803372869734;0;0;0,00550803372869734;0;0,00550803372869734;0;0,0110160674573947;0;0;0;0;0;0;0;0;0;0,00550803372869734;0,00550803372869734;0,0110160674573947;0;0;0;0;0;0;0,00550803372869734;0,00550803372869734;0,0220321349147894;0,0110160674573947;0,00550803372869734;0,00550803372869734;0;0;0;0;0,016524101186092;0;0;0,00550803372869734;0,00550803372869734;0,00550803372869734;0;0,016524101186092;0;0;0;0,016524101186092;0,00550803372869734;0;0;0,00550803372869734;0,00550803372869734;0,0110160674573947;0;0,00550803372869734;0,00550803372869734;0;0;0;0,016524101186092;0,016524101186092;0,0110160674573947;0;0,00550803372869734;0;0;0,00550803372869734;0,00550803372869734;0,00550803372869734;0,00550803372869734;0;0;0,00550803372869734;0;0;0,0220321349147894;0;0;0;0;0,016524101186092;0;0;0
"gwiezdna_wedrowka_lot_von_brauna";0;0;0;0;0,00609183453865144;0,0243673381546058;0,00609183453865144;0;0;0;0;0;0;0;0;0;0,00609183453865144;0;0;0,00609183453865144;0;0;0;0;0,00609183453865144;0;0;0;0,00609183453865144;0,00609183453865144;0;0;0,00609183453865144;0,0243673381546058;0;0;0,0182755036159543;0,0121836690773029;0,00609183453865144;0,00609183453865144;0;0;0,0182755036159543;0;0;0;0;0;0,0121836690773029;0;0;0;0,0487346763092115;0,00609183453865144;0,00609183453865144;0;0;0;0,0121836690773029;0;0;0;0;0;0;0,00609183453865144;0;0,0121836690773029;0,00609183453865144;0;0;0;0;0;0;0;0;0;0;0;0;0,00609183453865144;0,0121836690773029;0,00609183453865144;0;0;0,00609183453865144;0;0,0365510072319086;0;0;0;0;0;0;0,00609183453865144;0;0,00609183453865144;0,00609183453865144;0;0,054826510847863;0,00609183453865144;0,0121836690773029;0,0121836690773029;0,00609183453865144;0;0;0,00609183453865144;0;0;0;0;0;0;0;0,00609183453865144;0,00609183453865144;0;0,00609183453865144;0,00609183453865144;0;0,0121836690773029;0,00609183453865144;0;0,00609183453865144;0,0182755036159543;0;0;0,00609183453865144;0;0;0;0,00609183453865144;0;0,00609183453865144;0;0;0;0;0;0;0,0121836690773029;0,00609183453865144;0;0;0,00609183453865144;0;0;0,103561187157074;0,00609183453865144;0,00609183453865144;0;0;0;0,00609183453865144;0;0,0365510072319086;0,00609183453865144;0,00609183453865144;0;0,00609183453865144;0;0,00609183453865144;0;0;0;0,0121836690773029;0,00609183453865144;0;0;0;0,00609183453865144;0;0,00609183453865144;0;0;0;0,0182755036159543;0,0121836690773029;0;0;0;0;0,0121836690773029;0;0,0121836690773029;0,00609183453865144;0;0,00609183453865144;0;0,00609183453865144;0;0;0;0;0,0182755036159543;0;0,00609183453865144;0;0;0;0;0,00609183453865144;0,00609183453865144;0;0,0121836690773029;0;0;0;0,0426428417705601;0,00609183453865144;0,00609183453865144;0;0;0;0;0;0;0,00609183453865144;0,0121836690773029;0,0243673381546058;0;0;0;0;0,0182755036159543;0;0,00609183453865144;0;0;0;0;0;0;0,00609183453865144;0;0,0121836690773029;0,0121836690773029;0;0,0365510072319086;0,00609183453865144;0;0,0121836690773029;0;0,00609183453865144;0;0,00609183453865144;0;0;0;0,0121836690773029;0;0;0;0,0121836690773029;0;0,00609183453865144;0,00609183453865144;0;0;0;0;0,00609183453865144;0,0182755036159543;0;0,00609183453865144;0;0,00609183453865144;0;0;0,00609183453865144;0,00609183453865144;0;0,00609183453865144;0,0182755036159543;0;0;0;0,00609183453865144;0,00609183453865144;0;0,00609183453865144;0,0121836690773029;0;0;0;0;0;0;0;0;0,0121836690773029;0;0;0;0,00609183453865144;0;0;0;0;0,00609183453865144;0;0,00609183453865144;0;0,00609183453865144;0,00609183453865144;0;0;0;0;0;0,0182755036159543;0;0;0;0;0,00609183453865144;0;0;0
"gwiezdna_wedrowka_lot_von_brauna_cz_iii";0;0;0;0;0,00480701125413586;0,00480701125413586;0,00480701125413586;0,00480701125413586;0;0;0,00480701125413586;0,00961402250827173;0;0;0,00480701125413586;0;0;0,00480701125413586;0;0;0,00480701125413586;0;0,00961402250827173;0;0;0,00480701125413586;0,00961402250827173;0;0;0,00480701125413586;0,00961402250827173;0,00480701125413586;0,00480701125413586;0;0;0,00961402250827173;0,00480701125413586;0;0;0,00480701125413586;0,00480701125413586;0;0,00480701125413586;0,00961402250827173;0;0,00480701125413586;0;0;0,00480701125413586;0;0;0,00480701125413586;0,0576841350496304;0;0;0;0;0;0;0,00961402250827173;0,00480701125413586;0;0;0,00480701125413586;0;0;0,00480701125413586;0,00480701125413586;0,00480701125413586;0,00480701125413586;0,00480701125413586;0;0;0,00961402250827173;0;0,00480701125413586;0;0;0;0;0;0,00961402250827173;0;0;0,00480701125413586;0;0,0384560900330869;0,00961402250827173;0,00480701125413586;0,00480701125413586;0,0240350562706793;0;0,00480701125413586;0;0;0;0;0;0;0;0,0528771237954945;0,00480701125413586;0;0,00480701125413586;0,00480701125413586;0,00480701125413586;0,0144210337624076;0,00480701125413586;0,00480701125413586;0;0;0,00961402250827173;0;0;0,00480701125413586;0,00480701125413586;0,00480701125413586;0,00480701125413586;0,00480701125413586;0,00961402250827173;0,0192280450165435;0,00480701125413586;0,00480701125413586;0;0;0;0;0,00480701125413586;0,00480701125413586;0;0;0;0,00480701125413586;0,00480701125413586;0,00961402250827173;0,00480701125413586;0;0;0;0;0;0;0,00480701125413586;0;0;0;0;0;0,0721051688120379;0;0;0;0;0,00961402250827173;0,00480701125413586;0;0;0;0,00480701125413586;0;0,0144210337624076;0;0;0;0;0;0;0,00480701125413586;0;0;0,00480701125413586;0;0;0,00480701125413586;0;0;0;0,00480701125413586;0,00961402250827173;0,00961402250827173;0,00480701125413586;0,00961402250827173;0;0,00480701125413586;0;0,0144210337624076;0;0;0;0;0;0,00961402250827173;0;0;0,0192280450165435;0,0384560900330869;0;0,00961402250827173;0;0;0;0;0;0;0,00961402250827173;0;0,0144210337624076;0,00480701125413586;0;0,00480701125413586;0;0,00961402250827173;0;0,00480701125413586;0,00961402250827173;0;0;0,00961402250827173;0;0,00480701125413586;0,00961402250827173;0;0;0;0;0,0144210337624076;0,00480701125413586;0,00480701125413586;0,00480701125413586;0;0;0,00961402250827173;0;0;0;0,00961402250827173;0,00480701125413586;0;0;0,00480701125413586;0,00480701125413586;0;0,00961402250827173;0;0;0,00961402250827173;0,0144210337624076;0;0,00480701125413586;0,00480701125413586;0,00480701125413586;0,0144210337624076;0;0;0;0;0;0,0144210337624076;0;0,00480701125413586;0,00480701125413586;0,00480701125413586;0,0144210337624076;0;0;0,0288420675248152;0;0,00480701125413586;0;0;0,00480701125413586;0;0;0,0192280450165435;0,0240350562706793;0,00480701125413586;0;0;0,00961402250827173;0,00480701125413586;0;0,0144210337624076;0,0192280450165435;0;0,00961402250827173;0,00480701125413586;0,00480701125413586;0;0,00480701125413586;0;0;0;0;0;0;0;0;0;0,00480701125413586;0,00480701125413586;0;0,00480701125413586;0,00480701125413586;0;0,00480701125413586;0,00480701125413586;0;0,00480701125413586;0,00480701125413586;0,0144210337624076;0,00480701125413586;0;0,00480701125413586;0;0,00480701125413586;0;0,0144210337624076;0;0,00480701125413586;0
"gwiezdna_wedrowka_lot_von_brauna_ii";0;0;0;0;0;0;0,0055310798949262;0,0165932396847786;0;0;0;0;0,0055310798949262;0,0055310798949262;0;0;0;0,0110621597898524;0;0,0055310798949262;0,0055310798949262;0;0;0,0110621597898524;0,0055310798949262;0,0055310798949262;0;0;0;0,0055310798949262;0,027655399474631;0;0,0055310798949262;0,0110621597898524;0;0;0,0110621597898524;0,0055310798949262;0;0,0055310798949262;0;0,0055310798949262;0,0165932396847786;0;0;0;0,0055310798949262;0,0165932396847786;0,0055310798949262;0;0,0110621597898524;0,0055310798949262;0,0055310798949262;0;0;0;0,0055310798949262;0;0;0,0221243195797048;0,0055310798949262;0;0;0;0;0;0;0;0;0;0;0,0055310798949262;0;0;0,0055310798949262;0,0055310798949262;0;0,0055310798949262;0;0;0;0;0;0,0055310798949262;0,0055310798949262;0;0,0055310798949262;0;0,0055310798949262;0,0055310798949262;0;0;0;0;0;0;0;0,0110621597898524;0;0;0,0331864793695572;0;0;0,0055310798949262;0,0055310798949262;0,0165932396847786;0,0110621597898524;0,0110621597898524;0;0;0,0055310798949262;0;0;0;0,0165932396847786;0,0055310798949262;0,0055310798949262;0;0;0;0;0;0,0055310798949262;0;0;0,0110621597898524;0;0,0055310798949262;0;0;0,0055310798949262;0;0,0055310798949262;0;0,0221243195797048;0;0,0055310798949262;0,0055310798949262;0,0110621597898524;0;0,0165932396847786;0;0,0055310798949262;0;0,0055310798949262;0,0221243195797048;0;0,0110621597898524;0,0165932396847786;0,0165932396847786;0;0;0;0;0,0110621597898524;0;0,0221243195797048;0;0;0;0;0;0,0055310798949262;0,0110621597898524;0;0;0;0;0;0;0,0055310798949262;0;0;0,0055310798949262;0;0,0055310798949262;0;0,0165932396847786;0;0;0;0,0055310798949262;0;0;0;0;0;0,0055310798949262;0;0,0055310798949262;0,0055310798949262;0;0;0;0;0,0165932396847786;0,0055310798949262;0;0;0;0;0;0;0,0055310798949262;0;0,0055310798949262;0;0;0;0,0110621597898524;0;0;0;0;0,0110621597898524;0;0;0,0165932396847786;0,0055310798949262;0;0,027655399474631;0,0055310798949262;0,0055310798949262;0;0;0,027655399474631;0,0055310798949262;0;0;0;0;0,0055310798949262;0;0;0,0055310798949262;0;0;0;0;0,0110621597898524;0,0055310798949262;0,0221243195797048;0;0;0;0,0055310798949262;0,0110621597898524;0;0;0,0110621597898524;0,0110621597898524;0,0110621597898524;0,0221243195797048;0;0;0,0055310798949262;0;0,0055310798949262;0,0055310798949262;0,0055310798949262;0,0055310798949262;0,0055310798949262;0;0;0;0,0387175592644834;0;0;0;0;0,0110621597898524;0;0,0055310798949262;0;0;0,0110621597898524;0,0055310798949262;0,0055310798949262;0,0165932396847786;0,0055310798949262;0,0055310798949262;0,0055310798949262;0,027655399474631;0,0055310798949262;0,0055310798949262;0;0,0055310798949262;0,0110621597898524;0,0055310798949262;0;0;0;0;0;0;0;0,0055310798949262;0,0055310798949262;0,0055310798949262;0,0110621597898524;0;0;0,0055310798949262;0,0055310798949262;0,0110621597898524;0;0;0,0055310798949262;0,0221243195797048;0,0055310798949262;0,0055310798949262;0,0110621597898524;0;0,0055310798949262;0;0,0110621597898524;0,0055310798949262;0;0,0055310798949262;0,0110621597898524
"Jaszczuk_Jakub-Stern_1_Foresta-Umbra_RuLit_Me";0,0417450977332851;0;0,0231917209629362;0,00463834419258724;0,00927668838517447;0;0;0;0;0,0185533767703489;0,00463834419258724;0;0;0,00463834419258724;0,00463834419258724;0,0139150325777617;0,00927668838517447;0;0;0;0;0;0;0;0,0139150325777617;0;0,00463834419258724;0,0139150325777617;0;0;0;0;0;0;0,00463834419258724;0;0;0;0;0,00463834419258724;0,00463834419258724;0,00463834419258724;0,0371067535406979;0;0;0;0,0139150325777617;0;0,0139150325777617;0,00463834419258724;0,0185533767703489;0;0,00463834419258724;0;0,00463834419258724;0,00463834419258724;0,00463834419258724;0;0;0;0;0,00463834419258724;0,0185533767703489;0;0;0,00927668838517447;0,00463834419258724;0,00927668838517447;0,00463834419258724;0;0,00463834419258724;0,00463834419258724;0,00463834419258724;0;0,00463834419258724;0;0;0,00463834419258724;0,00463834419258724;0,00927668838517447;0,0231917209629362;0;0,00463834419258724;0;0,00463834419258724;0,00927668838517447;0,00463834419258724;0,00927668838517447;0;0,00463834419258724;0,00463834419258724;0,00463834419258724;0,00927668838517447;0;0;0;0;0,00463834419258724;0,00463834419258724;0,00927668838517447;0,00463834419258724;0;0,00927668838517447;0,00463834419258724;0;0,00927668838517447;0,00463834419258724;0;0;0,00927668838517447;0;0,0139150325777617;0,0185533767703489;0;0,00927668838517447;0,00463834419258724;0,00927668838517447;0;0;0;0,00463834419258724;0;0,00463834419258724;0,00463834419258724;0,00927668838517447;0,00463834419258724;0,00463834419258724;0,00463834419258724;0,00927668838517447;0,0231917209629362;0,00463834419258724;0,0139150325777617;0,0139150325777617;0,00463834419258724;0,0185533767703489;0,00463834419258724;0,00463834419258724;0,00927668838517447;0;0,00927668838517447;0,00463834419258724;0;0;0,00463834419258724;0,00463834419258724;0,00463834419258724;0;0,00463834419258724;0;0;0,00463834419258724;0,00463834419258724;0,00463834419258724;0;0,00927668838517447;0;0,00927668838517447;0;0;0;0;0,0139150325777617;0;0,00463834419258724;0;0,00463834419258724;0,00463834419258724;0;0,00463834419258724;0;0,00927668838517447;0;0,00927668838517447;0;0,0139150325777617;0,00463834419258724;0,00463834419258724;0;0,00463834419258724;0;0;0;0,00463834419258724;0;0;0,0139150325777617;0;0;0,00463834419258724;0,00463834419258724;0;0,00463834419258724;0;0,00927668838517447;0,00927668838517447;0;0,00463834419258724;0;0;0;0;0;0;0;0,00927668838517447;0;0,00463834419258724;0;0,0139150325777617;0;0,00463834419258724;0,0185533767703489;0,00463834419258724;0,00463834419258724;0;0,00463834419258724;0,00927668838517447;0,00463834419258724;0;0;0,00463834419258724;0,00463834419258724;0,00463834419258724;0,0139150325777617;0,00463834419258724;0;0,00463834419258724;0;0;0;0,00463834419258724;0;0,00463834419258724;0,0139150325777617;0,00463834419258724;0;0,00927668838517447;0;0,00463834419258724;0;0;0;0;0,00927668838517447;0;0,0139150325777617;0;0,0371067535406979;0,00927668838517447;0;0;0;0;0,00463834419258724;0;0,00463834419258724;0,00463834419258724;0;0;0;0,00463834419258724;0;0;0;0,00463834419258724;0;0,00463834419258724;0,00463834419258724;0;0,00927668838517447;0,00463834419258724;0,00463834419258724;0;0,00463834419258724;0,00463834419258724;0,00463834419258724;0,00463834419258724;0,00463834419258724;0;0;0;0;0,00463834419258724;0,00463834419258724;0,00463834419258724;0;0,00463834419258724;0,00463834419258724;0;0;0;0;0,00463834419258724;0,00927668838517447;0;0;0;0,00463834419258724;0,00463834419258724;0;0;0;0,00463834419258724;0;0;0;0,0139150325777617;0,00927668838517447;0,00463834419258724;0;0,00463834419258724;0;0;0;0,00463834419258724;0;0;0,00463834419258724;0,00927668838517447;0
"Jaszczuk_Jakub-Stern_2_Plan-Sary_RuLit_Me";0,0197302700729457;0;0;0,0065767566909819;0;0,0065767566909819;0,0065767566909819;0;0;0,0065767566909819;0;0;0;0,0131535133819638;0;0;0;0;0;0,0065767566909819;0,0131535133819638;0;0;0;0,0065767566909819;0,0065767566909819;0;0;0;0;0;0;0;0;0;0,0065767566909819;0;0;0,0065767566909819;0;0,0065767566909819;0;0,0591908102188371;0;0;0;0,0197302700729457;0,0065767566909819;0;0;0,0065767566909819;0;0,0131535133819638;0,0065767566909819;0,0131535133819638;0,0263070267639276;0,0131535133819638;0,0065767566909819;0;0;0,0065767566909819;0,0065767566909819;0,0197302700729457;0,0131535133819638;0,0065767566909819;0,0065767566909819;0,0131535133819638;0,0065767566909819;0;0,0065767566909819;0;0;0;0,0065767566909819;0;0;0;0,0065767566909819;0,0065767566909819;0,0065767566909819;0;0;0;0;0;0;0;0;0;0;0,0065767566909819;0;0;0;0,0065767566909819;0;0;0,0065767566909819;0,0065767566909819;0;0;0;0,0065767566909819;0,0065767566909819;0,0065767566909819;0;0;0,0131535133819638;0;0,0131535133819638;0;0;0,0197302700729457;0,0065767566909819;0,0065767566909819;0;0;0,0065767566909819;0,0065767566909819;0;0,0065767566909819;0;0;0,0131535133819638;0;0,0065767566909819;0;0,0065767566909819;0,0131535133819638;0,0197302700729457;0;0,0065767566909819;0,0131535133819638;0,0065767566909819;0,0065767566909819;0,0065767566909819;0;0;0,0197302700729457;0,0197302700729457;0,0065767566909819;0,0131535133819638;0,0065767566909819;0,0131535133819638;0;0;0,0065767566909819;0;0,0065767566909819;0,0065767566909819;0;0,0065767566909819;0,0131535133819638;0;0;0;0;0;0,0065767566909819;0;0;0;0;0;0;0,0131535133819638;0;0;0,0065767566909819;0;0;0,0065767566909819;0;0,0065767566909819;0,0197302700729457;0,0065767566909819;0;0;0;0;0,0065767566909819;0,0065767566909819;0,0197302700729457;0;0,0065767566909819;0;0;0;0,0065767566909819;0;0;0;0;0;0;0;0;0;0;0;0,0065767566909819;0,0065767566909819;0;0,0065767566909819;0;0,0065767566909819;0;0;0,0065767566909819;0;0,0131535133819638;0,0131535133819638;0;0,0065767566909819;0,0065767566909819;0;0;0;0;0;0;0;0;0,0065767566909819;0,0065767566909819;0;0,0065767566909819;0,0131535133819638;0;0;0,0065767566909819;0;0;0;0;0;0;0;0;0;0,0065767566909819;0;0;0;0,0131535133819638;0,0065767566909819;0;0,065767566909819;0,0065767566909819;0;0,0131535133819638;0,0065767566909819;0;0,0065767566909819;0;0;0;0;0,0065767566909819;0;0;0;0;0,0197302700729457;0;0;0,0065767566909819;0;0,0065767566909819;0,0131535133819638;0;0;0;0,0131535133819638;0;0;0;0;0;0;0,0394605401458914;0,0065767566909819;0;0,0065767566909819;0;0,0065767566909819;0;0;0;0;0;0;0;0,0065767566909819;0;0;0;0;0;0;0,0131535133819638;0,0131535133819638;0;0;0,0065767566909819;0;0;0,0263070267639276;0;0,0065767566909819;0,0065767566909819;0,0131535133819638;0;0;0,0131535133819638;0;0;0;0;0,0065767566909819
"Jaszczuk_Jakub-Stern_3_Marionetki_RuLit_Me";0,00979205996212861;0;0;0,0195841199242572;0,00979205996212861;0,0048960299810643;0;0;0;0;0;0,0048960299810643;0,0048960299810643;0,00979205996212861;0,0048960299810643;0,0048960299810643;0;0,0048960299810643;0;0;0,0048960299810643;0;0,0048960299810643;0;0;0;0,0048960299810643;0;0;0;0;0;0,0048960299810643;0;0,0048960299810643;0,00979205996212861;0;0;0;0,00979205996212861;0;0,0048960299810643;0,0048960299810643;0;0;0;0,0048960299810643;0;0;0,0244801499053215;0;0;0,0048960299810643;0,0048960299810643;0,0048960299810643;0,00979205996212861;0;0;0,0048960299810643;0;0;0,00979205996212861;0,00979205996212861;0;0;0;0,0146880899431929;0;0,0195841199242572;0;0;0,0048960299810643;0;0;0;0;0;0;0,0048960299810643;0,0048960299810643;0;0;0;0;0,0048960299810643;0,00979205996212861;0;0;0;0;0,0146880899431929;0;0,00979205996212861;0;0;0;0;0,0048960299810643;0,0048960299810643;0,0146880899431929;0;0;0;0,0048960299810643;0,0048960299810643;0,0048960299810643;0;0,00979205996212861;0;0,0195841199242572;0;0,0048960299810643;0,0048960299810643;0;0;0,0146880899431929;0;0;0;0,0048960299810643;0,0048960299810643;0,0048960299810643;0;0,00979205996212861;0,0146880899431929;0,0048960299810643;0,0048960299810643;0,0048960299810643;0;0,0244801499053215;0,0048960299810643;0,00979205996212861;0,00979205996212861;0,0048960299810643;0,0048960299810643;0;0;0;0;0,0146880899431929;0;0,0048960299810643;0,0048960299810643;0,0146880899431929;0,0048960299810643;0;0,0048960299810643;0,0146880899431929;0;0;0,00979205996212861;0,0146880899431929;0,0195841199242572;0,00979205996212861;0,0048960299810643;0;0,0048960299810643;0,0048960299810643;0;0;0;0,0048960299810643;0;0,00979205996212861;0,0048960299810643;0,0048960299810643;0,0048960299810643;0;0,0195841199242572;0;0;0;0;0;0,0244801499053215;0,0146880899431929;0;0;0;0,0048960299810643;0,0048960299810643;0;0,0048960299810643;0;0;0;0;0;0;0,0048960299810643;0,0048960299810643;0,00979205996212861;0;0;0;0;0;0,0048960299810643;0;0;0,0048960299810643;0,0048960299810643;0;0,00979205996212861;0,0048960299810643;0;0,00979205996212861;0;0,0195841199242572;0;0,0048960299810643;0,00979205996212861;0,0048960299810643;0;0,00979205996212861;0,00979205996212861;0,0195841199242572;0;0,0048960299810643;0;0;0;0,0048960299810643;0,0146880899431929;0;0,0048960299810643;0,00979205996212861;0;0;0;0,0048960299810643;0;0;0,0195841199242572;0;0;0;0;0,0048960299810643;0,00979205996212861;0,0048960299810643;0;0;0,00979205996212861;0;0,0048960299810643;0;0,0489602998106431;0,0146880899431929;0,0048960299810643;0;0;0;0;0,00979205996212861;0;0;0;0,0048960299810643;0;0,0048960299810643;0;0;0;0,00979205996212861;0;0,0048960299810643;0,0244801499053215;0,0048960299810643;0;0,0048960299810643;0;0;0,0048960299810643;0,0048960299810643;0;0;0,00979205996212861;0,0048960299810643;0;0,00979205996212861;0,0048960299810643;0,00979205996212861;0;0;0,0048960299810643;0;0,0048960299810643;0;0,0048960299810643;0,0048960299810643;0;0,00979205996212861;0,0048960299810643;0;0,00979205996212861;0,0146880899431929;0,0048960299810643;0,00979205996212861;0;0,0048960299810643;0,0048960299810643;0;0;0;0,0146880899431929;0,0048960299810643;0,00979205996212861;0;0,00979205996212861;0;0;0,0048960299810643;0;0,0146880899431929;0;0;0,0048960299810643;0;0,0146880899431929
"Jaszczuk_Jakub-Stern_4_Akuszer-smierci_RuLit_Me";0,0104088826369084;0;0;0;0,00520444131845418;0;0;0;0;0,0104088826369084;0;0,00520444131845418;0,0156133239553625;0,0208177652738167;0,00520444131845418;0;0;0;0;0,0104088826369084;0;0,0104088826369084;0,0104088826369084;0,00520444131845418;0;0;0,0104088826369084;0,0104088826369084;0;0;0,00520444131845418;0,00520444131845418;0;0,00520444131845418;0,00520444131845418;0,0156133239553625;0;0;0,0104088826369084;0;0,00520444131845418;0;0,0104088826369084;0;0;0;0,0156133239553625;0;0;0,0104088826369084;0,00520444131845418;0;0;0,0104088826369084;0;0,0104088826369084;0,0104088826369084;0;0;0,00520444131845418;0;0;0,0312266479107251;0,00520444131845418;0;0,0104088826369084;0,0416355305476335;0,00520444131845418;0,0104088826369084;0;0;0;0,00520444131845418;0,00520444131845418;0,00520444131845418;0,00520444131845418;0;0,0104088826369084;0;0;0,00520444131845418;0;0;0;0,0156133239553625;0;0;0;0;0;0,00520444131845418;0;0,0104088826369084;0;0;0;0,0156133239553625;0,00520444131845418;0;0,00520444131845418;0;0;0,00520444131845418;0;0,00520444131845418;0;0;0;0;0,0260222065922709;0;0,0104088826369084;0;0;0,0104088826369084;0,00520444131845418;0;0,00520444131845418;0;0;0,00520444131845418;0,00520444131845418;0;0,0104088826369084;0,0208177652738167;0,0208177652738167;0;0;0,00520444131845418;0,0364310892291793;0;0,0156133239553625;0,0104088826369084;0;0,0104088826369084;0;0;0,00520444131845418;0;0;0,00520444131845418;0,0104088826369084;0;0,00520444131845418;0;0,00520444131845418;0,00520444131845418;0;0;0;0;0,0208177652738167;0,00520444131845418;0,00520444131845418;0;0;0;0;0,00520444131845418;0;0,00520444131845418;0,0364310892291793;0;0;0;0;0;0,0104088826369084;0,00520444131845418;0,00520444131845418;0,0104088826369084;0,00520444131845418;0,00520444131845418;0;0;0,00520444131845418;0,0104088826369084;0;0;0;0;0;0,00520444131845418;0;0;0;0;0;0,00520444131845418;0,0104088826369084;0;0,00520444131845418;0;0,00520444131845418;0;0;0,00520444131845418;0,00520444131845418;0,00520444131845418;0,00520444131845418;0,0156133239553625;0,00520444131845418;0;0;0,0208177652738167;0;0;0;0,0156133239553625;0;0;0,0468399718660876;0;0,00520444131845418;0,00520444131845418;0;0,00520444131845418;0,00520444131845418;0;0;0;0;0,00520444131845418;0;0;0;0;0,00520444131845418;0,00520444131845418;0;0,00520444131845418;0;0,00520444131845418;0;0;0;0;0,0104088826369084;0;0;0;0,0156133239553625;0,00520444131845418;0;0;0,00520444131845418;0;0,0104088826369084;0;0;0;0,0104088826369084;0;0,00520444131845418;0;0;0;0,00520444131845418;0,00520444131845418;0;0,0104088826369084;0;0;0;0,0104088826369084;0;0;0,0416355305476335;0;0,0156133239553625;0,00520444131845418;0;0;0,0104088826369084;0;0;0;0,00520444131845418;0;0;0,0156133239553625;0;0;0,00520444131845418;0;0;0;0;0;0;0;0;0,00520444131845418;0,00520444131845418;0;0,00520444131845418;0;0,0156133239553625;0;0,00520444131845418;0;0;0;0;0,00520444131845418;0,00520444131845418;0,0104088826369084;0,00520444131845418;0;0;0;0;0,00520444131845418;0,00520444131845418;0,00520444131845418;0,00520444131845418;0;0;0;0,00520444131845418
"Wiedzmin_1_Ostatnie-zyczenie";0;0,0183601124289911;0,826205059304602;0;0;0,00367202248579823;0;0;0,00183601124289911;0;0,00183601124289911;0,00367202248579823;0;0,00183601124289911;0,00183601124289911;0,00367202248579823;0,00183601124289911;0,00367202248579823;0,00367202248579823;0;0;0,00183601124289911;0,00183601124289911;0,00183601124289911;0;0;0;0,00183601124289911;0;0;0;0;0;0,00183601124289911;0;0,00183601124289911;0,00367202248579823;0;0,00183601124289911;0;0;0;0;0,00183601124289911;0;0,00183601124289911;0;0,00183601124289911;0;0,00183601124289911;0;0;0;0;0,00183601124289911;0;0;0,00183601124289911;0;0,00183601124289911;0,00183601124289911;0;0,00183601124289911;0,00183601124289911;0,016524101186092;0;0;0;0;0,00183601124289911;0;0;0;0,00183601124289911;0,00367202248579823;0;0,00183601124289911;0;0;0,00183601124289911;0,0110160674573947;0,00734404497159646;0;0;0;0,00918005621449557;0,00183601124289911;0,00367202248579823;0,00183601124289911;0;0;0,00183601124289911;0,00367202248579823;0,064260393501469;0,00183601124289911;0,00183601124289911;0;0;0,00367202248579823;0,00183601124289911;0;0,00183601124289911;0;0;0;0;0,00183601124289911;0;0,00734404497159646;0;0;0;0,00183601124289911;0;0;0;0;0,00183601124289911;0,00734404497159646;0;0;0,00183601124289911;0;0;0,00183601124289911;0;0;0;0;0;0,00183601124289911;0,00183601124289911;0;0,00183601124289911;0;0,00734404497159646;0,00734404497159646;0;0,00183601124289911;0,00183601124289911;0;0,0146880899431929;0;0;0;0,00183601124289911;0;0;0,00183601124289911;0,00183601124289911;0,00550803372869734;0;0;0,00183601124289911;0;0,00183601124289911;0,00183601124289911;0;0;0,00183601124289911;0,00183601124289911;0,00734404497159646;0;0;0;0;0;0;0,00183601124289911;0,00367202248579823;0,00183601124289911;0;0,00367202248579823;0;0,00550803372869734;0;0,00183601124289911;0;0;0,00734404497159646;0;0;0;0;0,00183601124289911;0;0,00367202248579823;0;0;0,00183601124289911;0,00367202248579823;0,00550803372869734;0,00183601124289911;0,00550803372869734;0,00183601124289911;0;0,00183601124289911;0;0,00918005621449557;0,00734404497159646;0,00183601124289911;0;0,00183601124289911;0;0;0;0;0;0;0,00183601124289911;0;0;0;0;0;0;0,00918005621449557;0;0;0;0;0,00183601124289911;0,00183601124289911;0,00734404497159646;0;0;0;0;0;0,00183601124289911;0,00367202248579823;0;0;0,00367202248579823;0;0;0,00550803372869734;0;0;0,00367202248579823;0;0,00183601124289911;0;0;0,00550803372869734;0;0;0;0;0,00183601124289911;0;0;0;0;0,00183601124289911;0;0,00183601124289911;0;0;0;0;0;0;0;0,00183601124289911;0;0;0;0,00183601124289911;0,00183601124289911;0,00367202248579823;0,00183601124289911;0,00183601124289911;0;0,00183601124289911;0;0,00918005621449557;0;0;0,00183601124289911;0,00183601124289911;0;0;0;0;0;0;0;0,00183601124289911;0;0,00367202248579823;0,00367202248579823;0;0;0,00183601124289911;0;0;0;0;0;0;0;0;0,00183601124289911;0;0;0,00367202248579823;0;0;0,00183601124289911;0,00183601124289911;0;0;0;0;0;0;0,00367202248579823;0;0,00367202248579823
"Wiedzmin_2_Miecz-przeznaczenia";0;0,021141947645505;0,953613112220934;0,00333820225981657;0,00111273408660552;0;0;0,00111273408660552;0,0044509363464221;0,00111273408660552;0;0,00111273408660552;0;0;0;0,00111273408660552;0;0;0,0222546817321105;0;0;0,00111273408660552;0;0;0,00111273408660552;0;0;0,00222546817321105;0;0;0;0;0;0,00111273408660552;0;0,00111273408660552;0,00111273408660552;0,00111273408660552;0;0;0;0;0;0,00111273408660552;0,00222546817321105;0;0;0,00222546817321105;0;0,00333820225981657;0;0;0,00111273408660552;0;0;0;0;0;0,00111273408660552;0,00222546817321105;0,00222546817321105;0,00333820225981657;0;0;0,00890187269284419;0;0;0;0;0;0,00111273408660552;0,00111273408660552;0,00111273408660552;0,00111273408660552;0;0;0,0044509363464221;0;0,00111273408660552;0;0;0;0,00556367043302762;0;0;0;0;0,00222546817321105;0;0,00333820225981657;0;0;0;0,00778913860623867;0,00111273408660552;0;0;0,00111273408660552;0;0,00111273408660552;0,00111273408660552;0;0;0;0;0;0;0;0,00111273408660552;0;0,00667640451963314;0;0;0,00111273408660552;0;0;0;0;0,00222546817321105;0;0;0;0;0;0;0;0,00111273408660552;0;0;0;0;0;0;0,00111273408660552;0;0,00111273408660552;0,0044509363464221;0,00333820225981657;0;0,00111273408660552;0;0,00556367043302762;0;0;0,00111273408660552;0;0;0;0;0;0,0044509363464221;0;0;0,00111273408660552;0,00222546817321105;0;0;0;0;0,00111273408660552;0,00111273408660552;0;0,00111273408660552;0;0;0,00111273408660552;0;0;0;0;0,00222546817321105;0;0,00111273408660552;0;0,00222546817321105;0,00111273408660552;0,00222546817321105;0;0;0,00111273408660552;0,00111273408660552;0;0;0,00111273408660552;0;0,00111273408660552;0,00111273408660552;0,00111273408660552;0;0;0,00111273408660552;0;0,00111273408660552;0;0;0;0,00111273408660552;0;0,00111273408660552;0,00333820225981657;0,00111273408660552;0;0,0044509363464221;0;0;0;0;0;0,00111273408660552;0;0;0;0;0;0;0;0;0;0;0,00111273408660552;0;0,00111273408660552;0;0,00111273408660552;0,00222546817321105;0,00111273408660552;0,00222546817321105;0;0,00222546817321105;0,0155782772124773;0,00111273408660552;0,00111273408660552;0,00111273408660552;0,00111273408660552;0;0;0,00333820225981657;0,00111273408660552;0;0;0;0;0,00333820225981657;0,0044509363464221;0,00111273408660552;0;0;0;0;0;0;0;0;0;0,00333820225981657;0,00333820225981657;0,00222546817321105;0,00111273408660552;0;0,00222546817321105;0;0;0;0,00111273408660552;0;0;0,00111273408660552;0;0,00333820225981657;0,023367415818716;0;0;0,00667640451963314;0;0;0,00111273408660552;0;0,00111273408660552;0;0;0;0,00111273408660552;0;0;0;0,00111273408660552;0;0;0;0;0,00111273408660552;0;0;0;0,0534112361570652;0;0;0,00111273408660552;0,00111273408660552;0;0,00111273408660552;0,00222546817321105;0;0;0;0;0,00111273408660552;0;0;0,00333820225981657;0;0;0,00111273408660552;0,00111273408660552;0,00222546817321105;0,00111273408660552;0;0;0,00111273408660552;0,00111273408660552
"Wiedzmin_3_Krew-elfow";0;0,0376541064667814;0,788046656769068;0,00672394758335383;0,00134478951667077;0;0;0,00134478951667077;0,00537915806668306;0;0;0;0,00268957903334153;0;0;0,00268957903334153;0;0;0,0255510008167445;0,00268957903334153;0;0;0;0;0,00134478951667077;0;0;0,00134478951667077;0;0,00134478951667077;0,0040343685500123;0;0;0;0,00134478951667077;0;0;0,00134478951667077;0,00134478951667077;0,00134478951667077;0;0;0;0,00134478951667077;0,00134478951667077;0,0040343685500123;0;0,00134478951667077;0;0,00134478951667077;0;0,00134478951667077;0;0,00134478951667077;0;0;0;0;0;0,00134478951667077;0,00268957903334153;0,00268957903334153;0;0,00134478951667077;0,00268957903334153;0,0040343685500123;0;0,00268957903334153;0,00268957903334153;0;0;0,00134478951667077;0;0;0,00134478951667077;0,00134478951667077;0,00134478951667077;0;0;0,00268957903334153;0,00134478951667077;0;0,00672394758335383;0,00268957903334153;0;0,00268957903334153;0;0,00134478951667077;0;0,00268957903334153;0;0,00268957903334153;0,00134478951667077;0,0295853693667568;0;0,00134478951667077;0,00134478951667077;0;0;0,00134478951667077;0,00134478951667077;0;0,00537915806668306;0;0;0,00134478951667077;0;0;0,00268957903334153;0;0,00537915806668306;0,00134478951667077;0,00134478951667077;0;0;0,00134478951667077;0,00268957903334153;0,00268957903334153;0,00134478951667077;0,00134478951667077;0;0;0,00134478951667077;0,0040343685500123;0,00268957903334153;0;0,0040343685500123;0;0;0,00134478951667077;0,00268957903334153;0,00268957903334153;0;0,00134478951667077;0;0,00134478951667077;0,0040343685500123;0;0,00134478951667077;0;0;0,0134478951667077;0;0;0;0;0;0;0;0,00268957903334153;0,00134478951667077;0,00134478951667077;0;0,00134478951667077;0;0;0;0,00134478951667077;0,00134478951667077;0,00134478951667077;0;0,00134478951667077;0,00134478951667077;0,00268957903334153;0;0;0;0;0,00134478951667077;0,00134478951667077;0,0040343685500123;0;0,0215166322667322;0,00134478951667077;0,00268957903334153;0;0;0;0,00268957903334153;0,00268957903334153;0;0;0;0;0,00134478951667077;0;0;0,00134478951667077;0;0;0;0;0,0040343685500123;0,00268957903334153;0;0;0;0,00134478951667077;0,0040343685500123;0;0,00134478951667077;0;0,00537915806668306;0;0,00134478951667077;0,00134478951667077;0,00134478951667077;0,00268957903334153;0;0;0;0;0,00134478951667077;0;0;0;0;0;0,00268957903334153;0;0,00134478951667077;0;0,00134478951667077;0;0,00537915806668306;0,0040343685500123;0,00134478951667077;0,00134478951667077;0,00134478951667077;0,00268957903334153;0;0;0;0;0,00134478951667077;0,00134478951667077;0,0040343685500123;0,00268957903334153;0;0;0;0,00134478951667077;0;0,00134478951667077;0;0;0;0,00268957903334153;0;0,00134478951667077;0,00134478951667077;0;0,00134478951667077;0;0,00134478951667077;0,00268957903334153;0,00268957903334153;0,00134478951667077;0,00134478951667077;0;0;0,00268957903334153;0;0,00537915806668306;0;0;0,0040343685500123;0,00268957903334153;0,00941352661669536;0,00672394758335383;0;0;0,0040343685500123;0;0;0,0040343685500123;0,0040343685500123;0,00134478951667077;0,00268957903334153;0;0;0;0;0,0040343685500123;0;0,00268957903334153;0,00134478951667077;0;0,00134478951667077;0,00268957903334153;0;0,00672394758335383;0,0107583161333661;0;0,0322749484000984;0;0,00134478951667077;0;0;0;0;0,00134478951667077;0;0;0;0;0,0040343685500123;0,0040343685500123;0;0;0,00134478951667077;0,00134478951667077;0;0,00134478951667077;0;0,00268957903334153;0,00134478951667077;0,00672394758335383;0,00268957903334153;0
"Wiedzmin_4_Czas-pogardy";0;0,0144670653339246;0,833664639867406;0;0;0,00180838316674058;0,00542514950022173;0;0,00180838316674058;0;0;0,00361676633348116;0,00180838316674058;0,00180838316674058;0;0,00361676633348116;0,00180838316674058;0,00180838316674058;0,0488263455019956;0;0;0;0;0;0;0;0;0,00180838316674058;0;0;0;0,00180838316674058;0;0;0,00180838316674058;0,00180838316674058;0,00180838316674058;0;0;0,00361676633348116;0;0,00180838316674058;0;0;0;0,00180838316674058;0;0;0;0,0180838316674058;0;0,00180838316674058;0;0;0;0;0;0,00542514950022173;0;0;0,00180838316674058;0,00180838316674058;0,00542514950022173;0;0,00542514950022173;0;0,00723353266696231;0;0;0;0,00723353266696231;0,00361676633348116;0,00542514950022173;0;0;0;0,00180838316674058;0;0,00361676633348116;0;0,00542514950022173;0;0,00180838316674058;0;0;0;0;0,00361676633348116;0,00361676633348116;0,00180838316674058;0,00361676633348116;0,00542514950022173;0;0,0180838316674058;0,0108502990004435;0;0,00361676633348116;0;0,00180838316674058;0;0;0;0,00180838316674058;0;0;0;0;0,00361676633348116;0,00180838316674058;0;0;0;0,00180838316674058;0,00180838316674058;0;0;0;0,00180838316674058;0;0;0;0;0;0;0;0;0;0;0;0;0;0;0;0;0;0;0,00361676633348116;0,00361676633348116;0;0;0;0;0,00180838316674058;0,00361676633348116;0,00180838316674058;0;0;0;0,00180838316674058;0;0;0;0,00361676633348116;0;0,00361676633348116;0;0;0,00180838316674058;0,00542514950022173;0,00180838316674058;0;0,00180838316674058;0,00180838316674058;0;0,00361676633348116;0,00180838316674058;0;0,00180838316674058;0,00180838316674058;0;0;0;0;0;0,00180838316674058;0;0;0;0;0;0;0;0,00180838316674058;0,00361676633348116;0;0;0,00361676633348116;0;0;0;0;0;0,00180838316674058;0;0;0;0;0,00180838316674058;0,00180838316674058;0,00180838316674058;0,00180838316674058;0;0,00361676633348116;0;0;0,00180838316674058;0;0,00180838316674058;0,00542514950022173;0;0;0;0,00180838316674058;0,00180838316674058;0,00542514950022173;0;0,00180838316674058;0;0,00180838316674058;0;0,00361676633348116;0;0;0,00180838316674058;0;0;0;0,00180838316674058;0;0,0108502990004435;0;0,00180838316674058;0,00180838316674058;0;0;0,00180838316674058;0;0,00180838316674058;0,00180838316674058;0;0,00361676633348116;0;0;0;0,00180838316674058;0;0;0,00180838316674058;0;0;0,00180838316674058;0;0,00904191583370289;0,00180838316674058;0;0;0,00361676633348116;0;0;0;0,00180838316674058;0;0,00180838316674058;0;0,00180838316674058;0;0;0,00723353266696231;0,00180838316674058;0,0198922148341464;0;0;0,00361676633348116;0;0;0;0;0,00180838316674058;0;0,00180838316674058;0;0;0,00180838316674058;0,00361676633348116;0,00180838316674058;0;0;0;0,00180838316674058;0,00542514950022173;0,00180838316674058;0,00180838316674058;0,00180838316674058;0;0,012658682167184;0,00180838316674058;0;0;0;0;0;0,00180838316674058;0;0,00180838316674058;0;0;0,00180838316674058;0;0;0,00361676633348116;0;0;0,00542514950022173;0;0,00180838316674058;0,00180838316674058;0,00361676633348116;0,00180838316674058;0,00361676633348116;0
"Wiedzmin_5_chszest-ognia";0;0,0466324327951063;0,877906234794828;0;0;0;0;0;0;0;0;0,0040549941560962;0,0121649824682886;0;0,0020274970780481;0;0;0;0,020274970780481;0,00608249123414431;0;0;0;0,0020274970780481;0;0,0020274970780481;0;0,0040549941560962;0,0040549941560962;0,0020274970780481;0,0020274970780481;0;0,0020274970780481;0;0;0;0;0,0020274970780481;0,0020274970780481;0;0;0;0;0;0,0020274970780481;0;0,0020274970780481;0,0020274970780481;0;0;0,0020274970780481;0;0;0,0040549941560962;0;0,0020274970780481;0;0,0020274970780481;0;0;0,0020274970780481;0;0,0040549941560962;0,0020274970780481;0;0;0;0;0;0,0020274970780481;0,0020274970780481;0;0;0,0020274970780481;0;0;0,0040549941560962;0;0;0,00608249123414431;0,0101374853902405;0;0;0;0;0,0040549941560962;0,0020274970780481;0,0040549941560962;0;0,0020274970780481;0;0,0040549941560962;0;0,0040549941560962;0;0;0,0020274970780481;0;0;0;0,0020274970780481;0,0020274970780481;0;0,0040549941560962;0;0;0;0;0;0;0;0,0020274970780481;0;0;0;0;0;0,0020274970780481;0,00810998831219241;0;0,0020274970780481;0,0020274970780481;0;0,0040549941560962;0,0020274970780481;0;0,0020274970780481;0,0020274970780481;0;0;0;0;0;0;0,0020274970780481;0,0020274970780481;0,0020274970780481;0,00608249123414431;0;0,0040549941560962;0;0;0;0;0;0,0020274970780481;0,0040549941560962;0;0;0,0020274970780481;0,0020274970780481;0;0,0020274970780481;0;0;0;0,0020274970780481;0,0020274970780481;0,0020274970780481;0;0,0020274970780481;0;0,0020274970780481;0;0;0;0;0;0;0;0;0;0;0;0;0;0;0;0;0,0020274970780481;0;0;0;0,0020274970780481;0,0020274970780481;0,0020274970780481;0;0;0;0;0;0;0,00608249123414431;0;0;0;0;0;0;0,0040549941560962;0;0,0020274970780481;0,0020274970780481;0;0;0,0020274970780481;0;0,0020274970780481;0;0,0020274970780481;0;0;0,0020274970780481;0;0,00608249123414431;0,0020274970780481;0,00810998831219241;0;0;0;0,0020274970780481;0,0020274970780481;0,0020274970780481;0;0;0,0020274970780481;0;0;0;0,0101374853902405;0;0;0;0;0,0020274970780481;0;0,0020274970780481;0,0020274970780481;0,0020274970780481;0;0;0,0040549941560962;0;0,0040549941560962;0;0;0,0020274970780481;0;0;0;0;0,0020274970780481;0,0101374853902405;0;0;0,0020274970780481;0,0020274970780481;0,0040549941560962;0;0;0;0;0;0;0;0;0,0020274970780481;0;0;0;0;0,0020274970780481;0,0020274970780481;0,0020274970780481;0,0020274970780481;0,0020274970780481;0;0;0;0;0,0020274970780481;0;0;0,0020274970780481;0;0;0;0,0020274970780481;0,00608249123414431;0,0101374853902405;0;0;0,0020274970780481;0,0020274970780481;0,0101374853902405;0;0,0020274970780481;0;0;0,0020274970780481;0,0040549941560962;0;0;0;0;0;0;0,0020274970780481;0,00608249123414431;0;0;0;0,0040549941560962;0,0020274970780481;0,0020274970780481;0;0,0020274970780481;0,0020274970780481;0,0040549941560962;0
"Wiedzmin_6_Wieza-jaskolki";0;0,0169675718130233;0,886941253862583;0,00154250652845667;0;0;0;0;0,00154250652845667;0;0;0,00154250652845667;0;0;0;0,00771253264228333;0,00771253264228333;0,00154250652845667;0,00154250652845667;0,00308501305691333;0;0;0;0,00308501305691333;0,00154250652845667;0;0;0;0,00154250652845667;0;0,00308501305691333;0,00154250652845667;0,00154250652845667;0;0;0;0,00154250652845667;0;0;0,00154250652845667;0;0,00154250652845667;0;0;0;0,00462751958537;0,00617002611382666;0;0;0,00462751958537;0,00154250652845667;0,00154250652845667;0;0;0;0;0;0;0;0,00462751958537;0;0;0;0;0,0169675718130233;0,00617002611382666;0;0;0;0;0,00462751958537;0,00154250652845667;0,00154250652845667;0;0;0,00462751958537;0,00308501305691333;0;0,00154250652845667;0;0;0;0;0;0;0,00154250652845667;0;0,00462751958537;0,00154250652845667;0;0,00308501305691333;0;0;0,0123400522276533;0,00462751958537;0;0;0,00154250652845667;0;0,00154250652845667;0;0;0,00462751958537;0,00308501305691333;0;0;0;0;0;0;0,00154250652845667;0,00154250652845667;0;0,00154250652845667;0,00308501305691333;0;0,00154250652845667;0,00154250652845667;0;0;0,00154250652845667;0;0;0;0;0;0,00154250652845667;0,00154250652845667;0,00154250652845667;0,00617002611382666;0,00462751958537;0;0;0;0;0;0,00154250652845667;0;0;0,00154250652845667;0;0;0;0,00462751958537;0;0;0,00462751958537;0;0,00154250652845667;0;0;0;0,00308501305691333;0,00154250652845667;0;0,00308501305691333;0;0;0;0,00154250652845667;0;0;0,00154250652845667;0,0123400522276533;0;0;0;0,00308501305691333;0;0,00308501305691333;0;0;0,00308501305691333;0,00154250652845667;0,00308501305691333;0;0,00154250652845667;0,00154250652845667;0;0,00308501305691333;0;0;0;0;0,00154250652845667;0;0,00154250652845667;0,00154250652845667;0;0;0,00154250652845667;0;0,00154250652845667;0,00308501305691333;0;0;0;0;0;0,00308501305691333;0;0,00154250652845667;0,00617002611382666;0;0,00154250652845667;0,00154250652845667;0,00462751958537;0;0;0;0,00154250652845667;0;0,00308501305691333;0;0;0;0;0,00154250652845667;0;0;0;0,00154250652845667;0,00154250652845667;0;0,04164767626833;0;0;0;0,00308501305691333;0,00462751958537;0;0;0,00154250652845667;0;0;0;0;0;0,00154250652845667;0,00154250652845667;0;0;0,00308501305691333;0,00154250652845667;0;0;0,00462751958537;0;0;0,00154250652845667;0,00308501305691333;0;0;0;0;0,00154250652845667;0,00308501305691333;0;0,00308501305691333;0,00462751958537;0;0;0;0,00462751958537;0;0,00154250652845667;0,00462751958537;0,00462751958537;0,00154250652845667;0,00462751958537;0,00154250652845667;0;0,00462751958537;0,00154250652845667;0;0;0,00154250652845667;0;0;0,00154250652845667;0;0;0;0;0,00154250652845667;0,00154250652845667;0,00154250652845667;0,00308501305691333;0;0,00462751958537;0,00154250652845667;0,00308501305691333;0,00154250652845667;0,00154250652845667;0,00154250652845667;0;0;0,00308501305691333;0;0;0;0,00154250652845667;0;0;0,00154250652845667;0,00308501305691333;0;0;0,00308501305691333;0;0;0;0;0;0;0,00154250652845667;0;0,00154250652845667;0;0
"Wiedzmin_7_pani-jeziora";0;0,0359300954442771;0,79645044901481;0,00449126193053464;0;0;0;0,00149708731017821;0,00299417462035643;0;0,00449126193053464;0;0;0;0,00149708731017821;0;0,00299417462035643;0;0,00898252386106928;0;0;0;0,00149708731017821;0;0;0,00149708731017821;0,00149708731017821;0;0;0,00149708731017821;0,00299417462035643;0;0;0,00149708731017821;0,00299417462035643;0,00149708731017821;0;0;0,00149708731017821;0;0;0,00299417462035643;0;0,00149708731017821;0,00149708731017821;0,00149708731017821;0;0;0,00149708731017821;0;0,00149708731017821;0;0;0,00299417462035643;0,00149708731017821;0;0,00149708731017821;0;0,00149708731017821;0;0;0;0;0;0,00449126193053464;0,00149708731017821;0;0;0;0;0;0;0;0,00149708731017821;0,00299417462035643;0,00149708731017821;0;0;0;0,00299417462035643;0,00149708731017821;0,00149708731017821;0,0404213573748118;0;0;0;0,00149708731017821;0;0;0,00149708731017821;0;0,00299417462035643;0;0,0194621350323168;0;0,00149708731017821;0,00299417462035643;0;0;0;0;0,00149708731017821;0;0;0;0;0,00149708731017821;0;0,00149708731017821;0,00598834924071285;0,00449126193053464;0;0,00149708731017821;0;0;0;0,00149708731017821;0;0,00149708731017821;0;0;0;0,00149708731017821;0,00149708731017821;0,00149708731017821;0,00149708731017821;0;0;0,00299417462035643;0;0;0,00149708731017821;0;0;0;0;0;0,00149708731017821;0;0,00449126193053464;0,00149708731017821;0,00149708731017821;0;0,00149708731017821;0,00149708731017821;0;0,00149708731017821;0,00149708731017821;0;0,00149708731017821;0;0;0;0,00299417462035643;0,00299417462035643;0,00449126193053464;0,00299417462035643;0;0;0,00299417462035643;0;0;0;0,00299417462035643;0,00149708731017821;0;0,00149708731017821;0,00299417462035643;0;0,00149708731017821;0;0,00299417462035643;0,00299417462035643;0;0;0;0;0,00149708731017821;0;0,00149708731017821;0;0;0;0,00149708731017821;0,00149708731017821;0;0;0,00149708731017821;0;0;0;0,00299417462035643;0,00299417462035643;0;0;0;0,00299417462035643;0;0,00149708731017821;0,00299417462035643;0;0,00149708731017821;0;0;0,00149708731017821;0,00149708731017821;0,00149708731017821;0;0;0;0;0,00149708731017821;0;0;0;0,00149708731017821;0,00449126193053464;0,00299417462035643;0,00299417462035643;0,00299417462035643;0;0;0;0,00299417462035643;0,00149708731017821;0;0,00149708731017821;0,00149708731017821;0;0,00149708731017821;0,00149708731017821;0;0,00299417462035643;0;0;0;0,00299417462035643;0,00598834924071285;0,00149708731017821;0,00449126193053464;0,00449126193053464;0,00598834924071285;0,00149708731017821;0,00449126193053464;0,00149708731017821;0;0;0;0;0,00299417462035643;0,00449126193053464;0;0;0;0;0;0;0;0,00149708731017821;0,00449126193053464;0,0239533969628514;0;0;0,00748543655089107;0;0,00449126193053464;0;0;0,00149708731017821;0;0;0;0,00149708731017821;0;0;0;0,00299417462035643;0,00299417462035643;0,00149708731017821;0,00149708731017821;0,00149708731017821;0;0;0;0;0,00299417462035643;0;0;0;0,0119766984814257;0,00299417462035643;0;0,00598834924071285;0,00149708731017821;0,0464097066155246;0,00449126193053464;0,00149708731017821;0,00299417462035643;0;0;0;0;0;0,00149708731017821;0,00299417462035643;0,00149708731017821;0,00299417462035643;0;0;0,00299417462035643;0;0,00299417462035643;0,00149708731017821;0,00449126193053464;0;0;0,00149708731017821;0,00149708731017821;0;0,00299417462035643
"wiedzmin_8_Sezon-burz";0;0;0;0;0,0124124703745292;0,00620623518726461;0;0;0,0186187055617938;0;0,00620623518726461;0;0,0124124703745292;0,0186187055617938;0,00620623518726461;0;0;0,0310311759363231;0,0248249407490585;0;0;0,00620623518726461;0,0186187055617938;0,00620623518726461;0;0;0;0;0;0;0;0;0;0,0186187055617938;0,0124124703745292;0;0;0;0;0;0,0124124703745292;0;0;0;0;0;0;0;0;0;0;0,0310311759363231;0;0,00620623518726461;0,00620623518726461;0,0124124703745292;0,00620623518726461;0,00620623518726461;0;0;0;0;0,00620623518726461;0;0,0124124703745292;0;0;0;0;0;0;0;0,00620623518726461;0;0;0;0,0186187055617938;0;0;0,00620623518726461;0,00620623518726461;0;0;0;0;0;0;0;0,00620623518726461;0;0;0,0124124703745292;0,0372374111235877;0,273074348239643;0,0124124703745292;0,00620623518726461;0,00620623518726461;0;0;0;0;0,00620623518726461;0,00620623518726461;0;0;0;0;0;0;0;0,00620623518726461;0;0;0;0,0124124703745292;0;0;0;0;0;0;0,00620623518726461;0;0;0;0;0,00620623518726461;0;0;0,0186187055617938;0;0;0;0,0124124703745292;0;0;0;0;0;0;0;0;0;0;0;0,00620623518726461;0,00620623518726461;0;0;0;0;0;0;0;0;0,00620623518726461;0;0;0;0;0;0,0124124703745292;0;0,0186187055617938;0;0;0;0;0;0;0;0;0;0;0;0;0;0,0124124703745292;0;0;0,00620623518726461;0,00620623518726461;0;0;0;0;0;0;0;0;0;0;0,00620623518726461;0;0,00620623518726461;0;0;0;0,0186187055617938;0,00620623518726461;0;0,0186187055617938;0,0186187055617938;0;0;0;0;0;0,00620623518726461;0;0;0,00620623518726461;0,00620623518726461;0,00620623518726461;0;0;0,0372374111235877;0;0;0;0,00620623518726461;0;0;0;0;0;0;0;0,00620623518726461;0,0186187055617938;0;0,00620623518726461;0,0186187055617938;0;0,0124124703745292;0;0;0;0;0,00620623518726461;0;0,0124124703745292;0;0;0,00620623518726461;0;0,00620623518726461;0,0558561166853815;0,0124124703745292;0;0;0;0;0,0248249407490585;0,00620623518726461;0,0124124703745292;0;0;0;0;0;0;0,00620623518726461;0;0;0;0;0;0;0;0;0,00620623518726461;0;0;0;0;0,00620623518726461;0;0;0,00620623518726461;0;0,00620623518726461;0;0;0;0;0;0,00620623518726461;0;0,0124124703745292;0,0186187055617938;0;0;0;0,0496498814981169;0;0;0;0,00620623518726461;0;0,00620623518726461;0;0;0;0;0;0;0;0;0;0;0;0;0;0;0,00620623518726461;0;0;0;0
